{"Days":["311/24","314/24","316/24","317/24","318/24","319/24","321/24","322/24","323/24","324/24","325/24","326/24","328/24","330/24","331/24","332/24","334/24","335/24","336/24","337/24","338/24","339/24","340/24","342/24","343/24","345/24","346/24","351/24","353/24","356/24","358/24","360/24","363/24","365/24","366/24","001/25","004/25","006/25","008/25","011/25","013/25","015/25","018/25","020/25","022/25","025/25","027/25","029/25","032/25"],"dsHAMMS":["",21,29,26,"",25,25,26,27,28,"",27,19,20,20,"",27,37,37,25,27,"",25,33,26,29,"",19,"",19,27,"",30,28,13,"",11,13,"",33,27,"",30,29,"",23,30,"",6],"dsHAMEN":[22,"","","",26,"","","","","",10,"","","","",25,"","","","","",28,"","","","",33,"",27,"","",16,"","","",8,"","",16,"","",27,"","",16,"","",25,""],"dsCB":["","","","","","","","","","","","","","","","","","","","","","","","","","","","","","","","","","","","","","","","","","","","","","","","",""],"dsVOI":["","","","","","","","","","","","","","","","","","","","","","","","","","","","","","","","","","","","","","","","","","","","","","","","",""],"dsLOC":[5,6,9,6,11,10,7,6,6,9,4,8,5,9,8,7,7,17,17,8,7,10,8,16,11,3,6,8,7,8,7,5,12,7,7,5,5,4,8,9,6,7,12,10,6,7,4,7,2],"dsINTL":[17,15,20,20,15,15,18,20,21,19,6,19,14,11,12,18,20,20,20,17,20,18,17,17,15,26,27,11,20,11,20,11,18,21,6,3,6,9,8,24,21,20,18,19,10,16,26,18,4],"avg_dsHAMMS":24.916666666666668,"avg_dsHAMEN":21.46153846153846,"avg_dsLOC":7.73469387755102,"avg_dsINTL":16.26530612244898,"dsHAMID":["","","","","","","","","","","","","","","","","","","","","","","","","","","","","","","","","","","","","","","","","","","","","","","","",""],"avg_dsHAMID":null}