{"Days":["289/24","290/24","291/24","293/24","295/24","297/24","300/24","304/24","305/24","307/24","309/24","311/24","314/24","316/24","317/24","318/24","319/24","321/24","322/24","323/24","324/24","325/24","326/24","328/24","330/24","331/24","332/24","334/24","335/24","336/24","337/24","338/24","339/24","340/24","342/24","343/24","345/24","346/24","351/24","353/24","356/24","358/24","360/24","363/24","365/24","366/24","001/25","004/25","006/25","008/25","011/25"],"dsHAMMS":[27,"",25,31,25,"",30,"",10,28,20,"",21,29,26,"",25,25,26,27,28,"",27,19,20,20,"",27,37,37,25,27,"",25,33,26,29,"",19,"",19,27,"",30,28,13,"",11,13,"",33],"dsHAMEN":["",24,"","","",24,"",26,"","","",22,"","","",26,"","","","","",10,"","","","",25,"","","","","",28,"","","","",33,"",27,"","",16,"","","",8,"","",16,""],"dsCB":["","","","","","","","","","","","","","","","","","","","","","","","","","","","","","","","","","","","","","","","","","","","","","","","","","",""],"dsVOI":["","","","","","","","","","","","","","","","","","","","","","","","","","","","","","","","","","","","","","","","","","","","","","","","","","",""],"dsLOC":[6,7,7,9,7,5,6,7,6,9,5,5,6,9,6,11,10,7,6,6,9,4,8,5,9,8,7,7,17,17,8,7,10,8,16,11,3,6,8,7,8,7,5,12,7,7,5,5,4,8,9],"dsINTL":[21,17,18,22,18,19,24,19,4,19,15,17,15,20,20,15,15,18,20,21,19,6,19,14,11,12,18,20,20,20,17,20,18,17,17,15,26,27,11,20,11,20,11,18,21,6,3,6,9,8,24],"avg_dsHAMMS":24.94736842105263,"avg_dsHAMEN":21.923076923076923,"avg_dsLOC":7.686274509803922,"avg_dsINTL":16.49019607843137,"dsHAMID":["","","","","","","","","","","","","","","","","","","","","","","","","","","","","","","","","","","","","","","","","","","","","","","","","","",""],"avg_dsHAMID":null}