{"Days":["146/24","148/24","149/24","150/24","151/24","152/24","153/24","154/24","155/24","156/24","157/24","158/24","160/24","161/24","162/24","163/24","164/24","165/24","167/24","168/24","169/24","170/24","171/24","172/24","174/24","175/24","176/24","177/24","178/24","179/24","181/24","182/24","183/24","184/24","185/24","186/24","188/24","189/24","190/24","191/24","192/24","193/24","195/24","196/24","197/24","198/24","199/24","200/24","202/24","203/24","204/24","208/24","209/24","210/24","211/24","212/24","213/24","216/24","217/24","218/24","219/24","220/24","223/24","224/24","225/24","226/24","227/24","228/24","230/24","232/24","233/24"],"dsHAMMS":[24,17,"","",18,45,54,25,27,"","","",22,"",14,"","","",26,15,22,"","","",17,20,18,32,"","",33,35,24,"","","",30,14,21,"","",14,16,"",10,"","",53,20,"",16,19,65,"",20,"","",32,17,27,"","",25,"",16,21,"","",15,30,31],"dsHAMEN":["","","",16,"","","","","","",18,"","","","","",16,"","","","","",19,"","","","","",19,"","","","","",29,"","","","","",12,"","","","","",19,"","","","","","","","","",14,"","","","",14,"","","","",13,"","","",""],"dsCB":["","","","","","","","","","","","","","","","","","","","","","","","","","","","","","","","","","","","","","","","","","","","","","","","","","","","","","","","","","","","","","","","","","","","","","",""],"dsVOI":["","","","","","","","","","","","","","","","","","","","","","","","","","","","","","","","","","","","","","","","","","","","","","","","","","","","","","","","","","","","","","","","","","","","","","",""],"dsLOC":[6,7,3,4,9,9,13,5,4,4,5,2,6,4,3,4,8,4,9,7,7,3,7,8,7,10,7,10,7,8,20,13,14,8,10,9,19,8,9,5,4,4,9,6,5,7,5,23,8,15,7,8,48,3,12,3,6,21,7,9,5,6,10,4,4,8,6,6,5,13,7],"dsINTL":[18,10,24,12,9,36,41,20,23,18,13,32,16,25,11,22,8,27,17,8,15,10,12,20,10,10,11,22,12,30,13,22,10,24,19,30,11,6,12,10,8,10,7,22,5,21,14,30,12,13,9,11,17,5,8,29,8,11,10,18,19,8,15,17,12,13,7,9,10,17,24],"avg_dsHAMMS":25,"avg_dsHAMEN":17.181818181818183,"avg_dsLOC":8.295774647887324,"avg_dsINTL":15.746478873239436,"dsHAMID":["","",27,"","","","","","",22,"",34,"",29,"",26,"",31,"","","",13,"",28,"","","","","",38,"","","",32,"",39,"","","",15,"","","",28,"",28,"","","",28,"","","",8,"",32,"","","","",24,"","",21,"","","",15,"","",""],"avg_dsHAMID":25.9}