{"Days":["106/25","107/25","111/25","116/25","118/25","120/25","121/25","123/25","125/25","127/25","130/25","132/25","134/25","137/25","141/25","144/25","148/25","151/25","152/25","153/25","155/25","157/25","158/25","162/25","165/25","167/25","169/25","172/25","174/25","178/25","183/25","186/25","193/25"],"dsHAMMS":["",14,12,23,10,"",11,4,16,"",4,15,"",8,"",13,"",13,13,13,"",18,14,"",17,14,"",16,20,19,"",19,17],"dsHAMEN":[14,"","","","",8,"","","",11,"","",9,"",11,"",8,"","","",7,"","",23,"","",20,"","","",16,"",""],"dsCB":["","","","","","","","","","","","","","","","","","","","","","","","","","","","","","","","",""],"dsVOI":["","","","","","","","","","","","","","","","","","","","","","","","","","","","","","","","",""],"dsLOC":[2,3,5,10,4,4,8,3,9,5,3,12,6,4,5,6,4,6,7,8,6,7,8,8,5,7,8,8,9,8,4,11,8],"dsINTL":[12,11,7,13,6,4,3,1,7,6,1,3,3,4,6,7,4,7,6,5,1,11,6,15,12,7,12,8,11,11,12,8,9],"avg_dsHAMMS":14.043478260869565,"avg_dsHAMEN":12.7,"avg_dsLOC":6.393939393939394,"avg_dsINTL":7.242424242424242,"dsHAMID":["","","","","","","","","","","","","","","","","","","","","","","","","","","","","","","","",""],"avg_dsHAMID":null}