{"Days":["223/24","224/24","225/24","226/24","227/24","228/24","230/24","232/24","233/24","234/24","237/24","239/24","240/24","241/24","244/24","245/24","246/24","248/24","249/24","251/24","252/24","254/24","255/24","258/24","260/24","262/24","265/24","267/24","269/24","272/24","273/24","274/24","275/24","276/24","279/24","281/24","283/24","284/24","286/24","287/24","288/24","289/24","290/24","291/24","293/24","295/24","297/24","300/24","304/24","305/24","307/24","309/24"],"dsHAMMS":[25,"",16,21,"","",15,30,31,"",33,28,"","",55,"",22,"",25,14,14,15,"",43,35,"",47,25,"",9,32,29,24,"",30,28,"",11,42,31,36,27,"",25,31,25,"",30,"",10,28,20],"dsHAMEN":["","","","",13,"","","","",23,"","","",24,"","","",13,"","","","",17,"","",18,"","",24,"","","","",20,"","",32,"","","","","",24,"","","",24,"",26,"","",""],"dsCB":["","","","","","","","","","","","","","","","","","","","","","","","","","","","","","","","","","","","","","","","","","","","","","","","","","","",""],"dsVOI":["","","","","","","","","","","","","","","","","","","","","","","","","","","","","","","","","","","","","","","","","","","","","","","","","","","",""],"dsLOC":[10,4,4,8,6,6,5,13,7,7,18,8,3,8,35,9,10,5,5,7,6,6,5,28,18,5,25,6,8,6,19,7,11,5,19,9,12,6,24,9,12,6,7,7,9,7,5,6,7,6,9,5],"dsINTL":[15,17,12,13,7,9,10,17,24,16,15,20,27,16,20,23,12,8,20,7,8,9,12,15,17,13,22,19,16,3,13,22,13,15,11,19,20,5,18,22,24,21,17,18,22,18,19,24,19,4,19,15],"avg_dsHAMMS":26.72222222222222,"avg_dsHAMEN":21.5,"avg_dsLOC":9.576923076923077,"avg_dsINTL":15.76923076923077,"dsHAMID":["",21,"","","",15,"","","","","","",30,"","",32,"","","","","","","","","","","","","","","","","","","","","","","","","","","","","","","","","","","",""],"avg_dsHAMID":24.5}