{"Days":["022/25","025/25","027/25","029/25","032/25","036/25","039/25","041/25","044/25","046/25","050/25","051/25","053/25","057/25","058/25","059/25","091/25","092/25","095/25","097/25","099/25","104/25","106/25","107/25"],"dsHAMMS":["",23,30,"",6,"",25,22,21,23,"",26,17,"",9,4,19,"",20,19,"",11,"",14],"dsHAMEN":[16,"","",25,"",13,"","","","",17,"","",7,"","","",23,"","",8,"",14,""],"dsCB":["","","","","","","","","","","","","","","","","","","","","","","",""],"dsVOI":["","","","","","","","","","","","","","","","","","","","","","","",""],"dsLOC":[6,7,4,7,2,5,5,4,5,6,5,6,5,3,4,2,7,7,8,7,3,6,2,3],"dsINTL":[10,16,26,18,4,8,20,18,16,17,12,20,12,4,5,2,12,16,12,12,5,5,12,11],"avg_dsHAMMS":18.0625,"avg_dsHAMEN":15.375,"avg_dsLOC":4.958333333333333,"avg_dsINTL":12.208333333333334,"dsHAMID":["","","","","","","","","","","","","","","","","","","","","","","",""],"avg_dsHAMID":null}