{"Days":["258/24","260/24","262/24","265/24","267/24","269/24","272/24","273/24","274/24","275/24","276/24","279/24","281/24","283/24","284/24","286/24","287/24","288/24","289/24","290/24","291/24","293/24","295/24","297/24","300/24","304/24","305/24","307/24","309/24","311/24","314/24","316/24","317/24","318/24","319/24","321/24","322/24","323/24","324/24","325/24","326/24","328/24","330/24","331/24","332/24","334/24","335/24","336/24","337/24","338/24","339/24","340/24","342/24","343/24","345/24","346/24"],"dsHAMMS":[43,35,"",47,25,"",9,32,29,24,"",30,28,"",11,42,31,36,27,"",25,31,25,"",30,"",10,28,20,"",21,29,26,"",25,25,26,27,28,"",27,19,20,20,"",27,37,37,25,27,"",25,33,26,29,""],"dsHAMEN":["","",18,"","",24,"","","","",20,"","",32,"","","","","",24,"","","",24,"",26,"","","",22,"","","",26,"","","","","",10,"","","","",25,"","","","","",28,"","","","",33],"dsCB":["","","","","","","","","","","","","","","","","","","","","","","","","","","","","","","","","","","","","","","","","","","","","","","","","","","","","","","",""],"dsVOI":["","","","","","","","","","","","","","","","","","","","","","","","","","","","","","","","","","","","","","","","","","","","","","","","","","","","","","","",""],"dsLOC":[28,18,5,25,6,8,6,19,7,11,5,19,9,12,6,24,9,12,6,7,7,9,7,5,6,7,6,9,5,5,6,9,6,11,10,7,6,6,9,4,8,5,9,8,7,7,17,17,8,7,10,8,16,11,3,6],"dsINTL":[15,17,13,22,19,16,3,13,22,13,15,11,19,20,5,18,22,24,21,17,18,22,18,19,24,19,4,19,15,17,15,20,20,15,15,18,20,21,19,6,19,14,11,12,18,20,20,20,17,20,18,17,17,15,26,27],"avg_dsHAMMS":27.372093023255815,"avg_dsHAMEN":24,"avg_dsLOC":9.446428571428571,"avg_dsINTL":17.142857142857142,"dsHAMID":["","","","","","","","","","","","","","","","","","","","","","","","","","","","","","","","","","","","","","","","","","","","","","","","","","","","","","","",""],"avg_dsHAMID":null}