{"Days":["111/24","112/24","113/24","114/24","115/24","116/24","118/24","119/24","120/24","121/24","123/24","125/24","126/24","127/24","128/24","129/24","130/24","132/24","133/24","134/24","135/24","136/24","137/24","139/24","141/24","142/24","143/24","144/24","146/24","148/24","149/24","150/24","151/24","152/24","153/24","154/24","155/24","156/24","157/24","158/24","160/24","161/24","162/24","163/24","164/24","165/24","167/24","168/24","169/24","170/24","171/24","172/24","174/24","175/24","176/24","177/24","178/24","179/24","181/24","182/24","183/24","184/24","185/24","186/24","188/24","189/24","190/24","191/24","192/24","193/24","195/24","196/24","197/24","198/24","199/24","200/24"],"dsHAMMS":["",26,21,18,"",12,12,"",19,20,"",18,18,32,"","","",24,29,22,"","",16,19,17,34,"",26,24,17,"","",18,45,54,25,27,"","","",22,"",14,"","","",26,15,22,"","","",17,20,18,32,"","",33,35,24,"","","",30,14,21,"","",14,16,"",10,"","",53],"dsHAMEN":["","","","",17,"","","","","","","","","","",20,"","","","","",12,"","","","",21,"","","","",16,"","","","","","",18,"","","","","",16,"","","","","",19,"","","","","",19,"","","","","",29,"","","","","",12,"","","","","",19,""],"dsCB":["","","","","","","","","","","","","","","","","","","","","","","","","","","","","","","","","","","","","","","","","","","","","","","","","","","","","","","","","","","","","","","","","","","","","","","","","","","",""],"dsVOI":["","","","","","","","","","","","","","","","","","","","","","","","","","","","","","","","","","","","","","","","","","","","","","","","","","","","","","","","","","","","","","","","","","","","","","","","","","","",""],"dsLOC":[6,6,6,8,9,4,5,2,4,5,3,5,8,3,4,6,5,4,8,6,7,6,4,5,6,4,4,5,6,7,3,4,9,9,13,5,4,4,5,2,6,4,3,4,8,4,9,7,7,3,7,8,7,10,7,10,7,8,20,13,14,8,10,9,19,8,9,5,4,4,9,6,5,7,5,23],"dsINTL":[30,20,15,10,8,8,7,10,15,15,38,13,10,29,26,14,25,20,21,16,14,6,12,14,11,30,17,21,18,10,24,12,9,36,41,20,23,18,13,32,16,25,11,22,8,27,17,8,15,10,12,20,10,10,11,22,12,30,13,22,10,24,19,30,11,6,12,10,8,10,7,22,5,21,14,30],"avg_dsHAMMS":23.386363636363637,"avg_dsHAMEN":18.166666666666668,"avg_dsLOC":6.7894736842105265,"avg_dsINTL":16.986842105263158,"dsHAMID":[36,"","","","","","",12,"","",41,"","","",30,"",30,"","","",21,"","","","","","","","","",27,"","","","","","",22,"",34,"",29,"",26,"",31,"","","",13,"",28,"","","","","",38,"","","",32,"",39,"","","",15,"","","",28,"",28,"",""],"avg_dsHAMID":28}