{"Days":["036/25","039/25","041/25","044/25","046/25","050/25","051/25","053/25","057/25","058/25","059/25","091/25","092/25","095/25","097/25","099/25","104/25","106/25","107/25","111/25","116/25","118/25"],"dsHAMMS":["",25,22,21,23,"",26,17,"",9,4,19,"",20,19,"",11,"",14,12,23,10],"dsHAMEN":[13,"","","","",17,"","",7,"","","",23,"","",8,"",14,"","","",""],"dsCB":["","","","","","","","","","","","","","","","","","","","","",""],"dsVOI":["","","","","","","","","","","","","","","","","","","","","",""],"dsLOC":[5,5,4,5,6,5,6,5,3,4,2,7,7,8,7,3,6,2,3,5,10,4],"dsINTL":[8,20,18,16,17,12,20,12,4,5,2,12,16,12,12,5,5,12,11,7,13,6],"avg_dsHAMMS":17.1875,"avg_dsHAMEN":13.666666666666666,"avg_dsLOC":5.090909090909091,"avg_dsINTL":11.136363636363637,"dsHAMID":["","","","","","","","","","","","","","","","","","","","","",""],"avg_dsHAMID":null}