{"Days":["015/25","018/25","020/25","022/25","025/25","027/25","029/25","032/25","036/25","039/25","041/25","044/25","046/25","050/25","051/25","053/25","057/25","058/25","059/25","091/25","092/25","095/25","097/25"],"dsHAMMS":["",30,29,"",23,30,"",6,"",25,22,21,23,"",26,17,"",9,4,19,"",20,19],"dsHAMEN":[27,"","",16,"","",25,"",13,"","","","",17,"","",7,"","","",23,"",""],"dsCB":["","","","","","","","","","","","","","","","","","","","","","",""],"dsVOI":["","","","","","","","","","","","","","","","","","","","","","",""],"dsLOC":[7,12,10,6,7,4,7,2,5,5,4,5,6,5,6,5,3,4,2,7,7,8,7],"dsINTL":[20,18,19,10,16,26,18,4,8,20,18,16,17,12,20,12,4,5,2,12,16,12,12],"avg_dsHAMMS":20.1875,"avg_dsHAMEN":18.285714285714285,"avg_dsLOC":5.826086956521739,"avg_dsINTL":13.782608695652174,"dsHAMID":["","","","","","","","","","","","","","","","","","","","","","",""],"avg_dsHAMID":null}