{"Days":["181/24","182/24","183/24","184/24","185/24","186/24","188/24","189/24","190/24","191/24","192/24","193/24","195/24","196/24","197/24","198/24","199/24","200/24","202/24","203/24","204/24","208/24","209/24","210/24","211/24","212/24","213/24","216/24","217/24","218/24","219/24","220/24","223/24","224/24","225/24","226/24","227/24","228/24","230/24","232/24","233/24","234/24","237/24","239/24","240/24","241/24","244/24","245/24","246/24","248/24","249/24","251/24","252/24","254/24","255/24","258/24","260/24","262/24","265/24","267/24","269/24"],"dsHAMMS":[33,35,24,"","","",30,14,21,"","",14,16,"",10,"","",53,20,"",16,19,65,"",20,"","",32,17,27,"","",25,"",16,21,"","",15,30,31,"",33,28,"","",55,"",22,"",25,14,14,15,"",43,35,"",47,25,""],"dsHAMEN":["","","","",29,"","","","","",12,"","","","","",19,"","","","","","","","","",14,"","","","",14,"","","","",13,"","","","",23,"","","",24,"","","",13,"","","","",17,"","",18,"","",24],"dsCB":["","","","","","","","","","","","","","","","","","","","","","","","","","","","","","","","","","","","","","","","","","","","","","","","","","","","","","","","","","","","",""],"dsVOI":["","","","","","","","","","","","","","","","","","","","","","","","","","","","","","","","","","","","","","","","","","","","","","","","","","","","","","","","","","","","",""],"dsLOC":[20,13,14,8,10,9,19,8,9,5,4,4,9,6,5,7,5,23,8,15,7,8,48,3,12,3,6,21,7,9,5,6,10,4,4,8,6,6,5,13,7,7,18,8,3,8,35,9,10,5,5,7,6,6,5,28,18,5,25,6,8],"dsINTL":[13,22,10,24,19,30,11,6,12,10,8,10,7,22,5,21,14,30,12,13,9,11,17,5,8,29,8,11,10,18,19,8,15,17,12,13,7,9,10,17,24,16,15,20,27,16,20,23,12,8,20,7,8,9,12,15,17,13,22,19,16],"avg_dsHAMMS":26.666666666666668,"avg_dsHAMEN":18.333333333333332,"avg_dsLOC":10.180327868852459,"avg_dsINTL":14.60655737704918,"dsHAMID":["","","",32,"",39,"","","",15,"","","",28,"",28,"","","",28,"","","",8,"",32,"","","","",24,"","",21,"","","",15,"","","","","","",30,"","",32,"","","","","","","","","","","","",""],"avg_dsHAMID":25.53846153846154}