{"Days":["338/24","339/24","340/24","342/24","343/24","345/24","346/24","351/24","353/24","356/24","358/24","360/24","363/24","365/24","366/24","001/25","004/25","006/25","008/25","011/25","013/25","015/25","018/25","020/25","022/25","025/25","027/25","029/25","032/25","036/25","039/25","041/25","044/25","046/25","050/25","051/25","053/25","057/25","058/25","059/25"],"dsHAMMS":[27,"",25,33,26,29,"",19,"",19,27,"",30,28,13,"",11,13,"",33,27,"",30,29,"",23,30,"",6,"",25,22,21,23,"",26,17,"",9,4],"dsHAMEN":["",28,"","","","",33,"",27,"","",16,"","","",8,"","",16,"","",27,"","",16,"","",25,"",13,"","","","",17,"","",7,"",""],"dsCB":["","","","","","","","","","","","","","","","","","","","","","","","","","","","","","","","","","","","","","","",""],"dsVOI":["","","","","","","","","","","","","","","","","","","","","","","","","","","","","","","","","","","","","","","",""],"dsLOC":[7,10,8,16,11,3,6,8,7,8,7,5,12,7,7,5,5,4,8,9,6,7,12,10,6,7,4,7,2,5,5,4,5,6,5,6,5,3,4,2],"dsINTL":[20,18,17,17,15,26,27,11,20,11,20,11,18,21,6,3,6,9,8,24,21,20,18,19,10,16,26,18,4,8,20,18,16,17,12,20,12,4,5,2],"avg_dsHAMMS":22.321428571428573,"avg_dsHAMEN":19.416666666666668,"avg_dsLOC":6.6,"avg_dsINTL":14.85,"dsHAMID":["","","","","","","","","","","","","","","","","","","","","","","","","","","","","","","","","","","","","","","",""],"avg_dsHAMID":null}