{"Days":["008/25","011/25","013/25","015/25","018/25","020/25","022/25","025/25","027/25","029/25","032/25","036/25","039/25","041/25","044/25","046/25","050/25","051/25","053/25","057/25","058/25","059/25","091/25","092/25"],"dsHAMMS":["",33,27,"",30,29,"",23,30,"",6,"",25,22,21,23,"",26,17,"",9,4,19,""],"dsHAMEN":[16,"","",27,"","",16,"","",25,"",13,"","","","",17,"","",7,"","","",23],"dsCB":["","","","","","","","","","","","","","","","","","","","","","","",""],"dsVOI":["","","","","","","","","","","","","","","","","","","","","","","",""],"dsLOC":[8,9,6,7,12,10,6,7,4,7,2,5,5,4,5,6,5,6,5,3,4,2,7,7],"dsINTL":[8,24,21,20,18,19,10,16,26,18,4,8,20,18,16,17,12,20,12,4,5,2,12,16],"avg_dsHAMMS":21.5,"avg_dsHAMEN":18,"avg_dsLOC":5.916666666666667,"avg_dsINTL":14.416666666666666,"dsHAMID":["","","","","","","","","","","","","","","","","","","","","","","",""],"avg_dsHAMID":null}