{"Days":["044/25","046/25","050/25","051/25","053/25","057/25","058/25","059/25","091/25","092/25","095/25","097/25","099/25","104/25","106/25","107/25","111/25","116/25","118/25","120/25","121/25","123/25","125/25","127/25"],"dsHAMMS":[21,23,"",26,17,"",9,4,19,"",20,19,"",11,"",14,12,23,10,"",11,4,16,""],"dsHAMEN":["","",17,"","",7,"","","",23,"","",8,"",14,"","","","",8,"","","",11],"dsCB":["","","","","","","","","","","","","","","","","","","","","","","",""],"dsVOI":["","","","","","","","","","","","","","","","","","","","","","","",""],"dsLOC":[5,6,5,6,5,3,4,2,7,7,8,7,3,6,2,3,5,10,4,4,8,3,9,5],"dsINTL":[16,17,12,20,12,4,5,2,12,16,12,12,5,5,12,11,7,13,6,4,3,1,7,6],"avg_dsHAMMS":15.235294117647058,"avg_dsHAMEN":12.571428571428571,"avg_dsLOC":5.291666666666667,"avg_dsINTL":9.166666666666666,"dsHAMID":["","","","","","","","","","","","","","","","","","","","","","","",""],"avg_dsHAMID":null}