{"Days":["209/24","210/24","211/24","212/24","213/24","216/24","217/24","218/24","219/24","220/24","223/24","224/24","225/24","226/24","227/24","228/24","230/24","232/24","233/24","234/24","237/24","239/24","240/24","241/24","244/24","245/24","246/24","248/24","249/24","251/24","252/24","254/24","255/24","258/24","260/24","262/24","265/24","267/24","269/24","272/24","273/24","274/24","275/24","276/24","279/24","281/24","283/24","284/24","286/24","287/24","288/24","289/24","290/24","291/24","293/24","295/24"],"dsHAMMS":[65,"",20,"","",32,17,27,"","",25,"",16,21,"","",15,30,31,"",33,28,"","",55,"",22,"",25,14,14,15,"",43,35,"",47,25,"",9,32,29,24,"",30,28,"",11,42,31,36,27,"",25,31,25],"dsHAMEN":["","","","",14,"","","","",14,"","","","",13,"","","","",23,"","","",24,"","","",13,"","","","",17,"","",18,"","",24,"","","","",20,"","",32,"","","","","",24,"","",""],"dsCB":["","","","","","","","","","","","","","","","","","","","","","","","","","","","","","","","","","","","","","","","","","","","","","","","","","","","","","","",""],"dsVOI":["","","","","","","","","","","","","","","","","","","","","","","","","","","","","","","","","","","","","","","","","","","","","","","","","","","","","","","",""],"dsLOC":[48,3,12,3,6,21,7,9,5,6,10,4,4,8,6,6,5,13,7,7,18,8,3,8,35,9,10,5,5,7,6,6,5,28,18,5,25,6,8,6,19,7,11,5,19,9,12,6,24,9,12,6,7,7,9,7],"dsINTL":[17,5,8,29,8,11,10,18,19,8,15,17,12,13,7,9,10,17,24,16,15,20,27,16,20,23,12,8,20,7,8,9,12,15,17,13,22,19,16,3,13,22,13,15,11,19,20,5,18,22,24,21,17,18,22,18],"avg_dsHAMMS":27.972972972972972,"avg_dsHAMEN":19.666666666666668,"avg_dsLOC":10.357142857142858,"avg_dsINTL":15.232142857142858,"dsHAMID":["",8,"",32,"","","","",24,"","",21,"","","",15,"","","","","","",30,"","",32,"","","","","","","","","","","","","","","","","","","","","","","","","","","","","",""],"avg_dsHAMID":23.142857142857142}