{"Days":["057/25","058/25","059/25","091/25","092/25","095/25","097/25","099/25","104/25","106/25","107/25","111/25","116/25","118/25","120/25","121/25","123/25","125/25","127/25","130/25","132/25","134/25","137/25","141/25"],"dsHAMMS":["",9,4,19,"",20,19,"",11,"",14,12,23,10,"",11,4,16,"",4,15,"",8,""],"dsHAMEN":[7,"","","",23,"","",8,"",14,"","","","",8,"","","",11,"","",9,"",11],"dsCB":["","","","","","","","","","","","","","","","","","","","","","","",""],"dsVOI":["","","","","","","","","","","","","","","","","","","","","","","",""],"dsLOC":[3,4,2,7,7,8,7,3,6,2,3,5,10,4,4,8,3,9,5,3,12,6,4,5],"dsINTL":[4,5,2,12,16,12,12,5,5,12,11,7,13,6,4,3,1,7,6,1,3,3,4,6],"avg_dsHAMMS":12.4375,"avg_dsHAMEN":11.375,"avg_dsLOC":5.416666666666667,"avg_dsINTL":6.666666666666667,"dsHAMID":["","","","","","","","","","","","","","","","","","","","","","","",""],"avg_dsHAMID":null}