{"Month":["06/24","07/24","08/24","09/24","10/24","11/24","12/24","01/25","02/25","04/25","05/25"],"mHAMMS":[360,322,330,310,350,405,338,196,153,128,71],"mHAMEN":[72,74,74,72,126,83,104,92,37,53,39],"mCB":["","","","","","","","","","",""],"mVOI":["","","","","","","","","","",""],"mLOC":[185,255,190,175,167,154,147,90,52,66,65],"mINTL":[468,351,304,239,309,334,295,198,138,115,45],"mHAMID":[221,210,90,32,"","","","","","",""],"avg_mLOC":140.54545454545453,"avg_mINTL":254.1818181818182}