{"Month":["01/24","02/24","03/24","04/24","05/24","06/24","07/24","08/24","09/24","10/24","11/24","12/24","01/25"],"mHAMMS":[325,568,436,251,359,360,322,330,310,350,405,338,""],"mHAMEN":[115,119,30,55,69,72,74,74,72,126,83,104,8],"mCB":["","","","","","","","","","","","",""],"mVOI":["","",673,294,"","","","","","","","",""],"mLOC":[349,305,509,266,131,185,255,190,175,167,154,147,5],"mINTL":[527,677,762,412,446,468,351,304,239,309,334,295,3],"mHAMID":[436,295,130,78,149,221,210,90,32,"","","",""],"avg_mLOC":218.30769230769232,"avg_mINTL":394.38461538461536}