{"Month":["05/24","06/24","07/24","08/24","09/24","10/24","11/24","12/24","01/25","02/25","04/25","05/25"],"mHAMMS":[359,360,322,330,310,350,405,338,196,153,128,31],"mHAMEN":[69,72,74,74,72,126,83,104,92,37,53,11],"mCB":["","","","","","","","","","","",""],"mVOI":["","","","","","","","","","","",""],"mLOC":[131,185,255,190,175,167,154,147,90,52,66,25],"mINTL":[446,468,351,304,239,309,334,295,198,138,115,17],"mHAMID":[149,221,210,90,32,"","","","","","",""],"avg_mLOC":136.41666666666666,"avg_mINTL":267.8333333333333}