{"Month":["11/23","12/23","01/24","02/24","03/24","04/24","05/24","06/24","07/24","08/24","09/24","10/24"],"mHAMMS":[218,407,325,568,436,251,359,360,322,330,310,300],"mHAMEN":[25,22,115,119,30,55,19,72,74,74,72,100],"mCB":["","","","","","","","","","","",""],"mVOI":["","","","",613,264,"","","","","",""],"mLOC":[263,304,349,305,509,266,131,185,255,190,175,160],"mINTL":[180,244,527,677,762,412,446,468,351,304,239,290],"mHAMID":["",39,436,295,130,78,99,221,210,"","",""],"avg_mLOC":257.6666666666667,"avg_mINTL":408.3333333333333}