{"Month":["09/23","10/23","11/23","12/23","01/24","02/24","03/24","04/24","05/24","06/24","07/24","08/24","09/24"],"mHAMMS":[448,383,218,407,325,568,436,251,359,360,322,330,240],"mHAMEN":[119,6,25,22,115,119,30,55,19,72,74,74,72],"mCB":["","","","","","","","","","","","",""],"mVOI":["","","","","","",613,264,"","","","",""],"mLOC":[384,308,263,304,349,305,509,266,131,185,255,190,143],"mINTL":[293,341,180,244,527,677,762,412,446,468,351,304,201],"mHAMID":["","","",39,436,295,130,78,99,221,210,"",""],"avg_mLOC":276.3076923076923,"avg_mINTL":400.46153846153845}