{"Month":["03/24","04/24","05/24","06/24","07/24","08/24","09/24","10/24","11/24","12/24","01/25","02/25"],"mHAMMS":[436,251,359,360,322,330,310,350,405,338,196,153],"mHAMEN":[30,55,69,72,74,74,72,126,83,104,92,37],"mCB":["","","","","","","","","","","",""],"mVOI":[673,294,"","","","","","","","","",""],"mLOC":[509,266,131,185,255,190,175,167,154,147,90,52],"mINTL":[762,412,446,468,351,304,239,309,334,295,198,138],"mHAMID":[132,78,149,221,210,90,32,"","","","",""],"avg_mLOC":193.41666666666666,"avg_mINTL":354.6666666666667}