{"Month":["07/24","08/24","09/24","10/24","11/24","12/24","01/25","02/25","04/25","05/25","06/25"],"mHAMMS":[322,330,310,350,405,338,196,153,128,84,125],"mHAMEN":[74,74,72,126,83,104,92,37,53,39,50],"mCB":["","","","","","","","","","",""],"mVOI":["","","","","","","","","","",""],"mLOC":[255,190,175,167,154,147,90,52,66,71,81],"mINTL":[351,304,239,309,334,295,198,138,115,52,94],"mHAMID":[210,90,32,"","","","","","","",""],"avg_mLOC":131.63636363636363,"avg_mINTL":220.8181818181818}