{"Quarter":["Q2/23","Q3/23","Q4/23","Q1/24","Q2/24","Q3/24"],"qHAMMS":[1072,1986,1008,1329,970,892],"qHAMEN":[291,424,53,264,146,220],"qCB":[106,38,"","","",""],"qVOI":[804,"","",613,264,""],"qLOC":[1494,1530,875,1163,582,588],"qINTL":[1043,1050,765,1966,1326,856],"qHAMID":["","",39,861,398,""],"avg_qLOC":1038.6666666666667,"avg_qINTL":1167.6666666666667}