{"Quarter":["Q4/23","Q1/24","Q2/24","Q3/24","Q4/24","Q1/25","Q2/25"],"qHAMMS":[1318,1329,970,962,1093,349,199],"qHAMEN":[233,264,196,220,313,129,92],"qCB":["","","","","","",""],"qVOI":["",673,294,"","","",""],"qLOC":[875,1163,582,620,468,142,131],"qINTL":[765,1966,1326,894,938,336,160],"qHAMID":[89,863,448,332,"","",""],"avg_qLOC":568.7142857142857,"avg_qINTL":912.1428571428571}