{"Quarter":["Q1/23","Q2/23","Q3/23","Q4/23","Q1/24","Q2/24","Q3/24"],"qHAMMS":[693,1072,1986,1008,1329,970,103],"qHAMEN":[369,291,424,53,264,146,41],"qCB":[266,106,38,"","","",""],"qVOI":[298,804,"","",613,264,""],"qLOC":[1095,1494,1530,875,1163,582,90],"qINTL":[663,1043,1050,765,1966,1326,140],"qHAMID":["","","",39,861,398,86],"avg_qLOC":975.5714285714286,"avg_qINTL":993.2857142857143}