{"Quarter":["Q1/23","Q2/23","Q3/23","Q4/23","Q1/24","Q2/24","Q3/24"],"qHAMMS":[693,1072,1986,1008,1329,970,218],"qHAMEN":[369,291,424,53,264,146,60],"qCB":[266,106,38,"","","",""],"qVOI":[298,804,"","",613,264,""],"qLOC":[1095,1494,1530,875,1163,582,175],"qINTL":[663,1043,1050,765,1966,1326,273],"qHAMID":["","","",39,861,398,170],"avg_qLOC":987.7142857142857,"avg_qINTL":1012.2857142857143}