{"Quarter":["Q3/23","Q4/23","Q1/24","Q2/24","Q3/24","Q4/24","Q1/25"],"qHAMMS":[2111,1318,1329,970,962,1093,349],"qHAMEN":[430,233,264,196,220,313,129],"qCB":[39,"","","","","",""],"qVOI":["","",673,294,"","",""],"qLOC":[1530,875,1163,582,620,468,142],"qINTL":[1050,765,1966,1326,894,938,336],"qHAMID":["",89,863,448,332,"",""],"avg_qLOC":768.5714285714286,"avg_qINTL":1039.2857142857142}