{"Quarter":["Q2/23","Q3/23","Q4/23","Q1/24","Q2/24","Q3/24","Q4/24"],"qHAMMS":[1072,1986,1008,1329,970,962,641],"qHAMEN":[291,424,53,264,146,220,209],"qCB":[106,38,"","","","",""],"qVOI":[804,"","",613,264,"",""],"qLOC":[1494,1530,875,1163,582,620,297],"qINTL":[1043,1050,765,1966,1326,894,603],"qHAMID":["","",39,861,398,"",""],"avg_qLOC":937.2857142857143,"avg_qINTL":1092.4285714285713}