{"Quarter":["Q4/23","Q1/24","Q2/24","Q3/24","Q4/24","Q1/25","Q2/25"],"qHAMMS":[1318,1329,970,962,1093,349,83],"qHAMEN":[233,264,196,220,313,129,45],"qCB":["","","","","","",""],"qVOI":["",673,294,"","","",""],"qLOC":[875,1163,582,620,468,142,43],"qINTL":[765,1966,1326,894,938,336,85],"qHAMID":[89,863,448,332,"","",""],"avg_qLOC":556.1428571428571,"avg_qINTL":901.4285714285714}