{"Quarter":["Q1/23","Q2/23","Q3/23","Q4/23","Q1/24","Q2/24","Q3/24"],"qHAMMS":[693,1072,1986,1008,1329,970,820],"qHAMEN":[369,291,424,53,264,146,196],"qCB":[266,106,38,"","","",""],"qVOI":[298,804,"","",613,264,""],"qLOC":[1095,1494,1530,875,1163,582,549],"qINTL":[663,1043,1050,765,1966,1326,799],"qHAMID":["","","",39,861,398,""],"avg_qLOC":1041.142857142857,"avg_qINTL":1087.4285714285713}