{"Quarter":["Q3/23","Q4/23","Q1/24","Q2/24","Q3/24","Q4/24","Q1/25"],"qHAMMS":[2096,1318,1329,970,962,1093,57],"qHAMEN":[424,233,264,196,220,313,24],"qCB":[38,"","","","","",""],"qVOI":["","",673,294,"","",""],"qLOC":[1530,875,1163,582,620,468,31],"qINTL":[1050,765,1966,1326,894,938,50],"qHAMID":["",89,861,448,332,"",""],"avg_qLOC":752.7142857142857,"avg_qINTL":998.4285714285714}