{"Quarter":["Q1/24","Q2/24","Q3/24","Q4/24","Q1/25","Q2/25"],"qHAMMS":[1329,970,962,1093,349,317],"qHAMEN":[264,196,220,313,129,142],"qCB":["","","","","",""],"qVOI":[673,294,"","","",""],"qLOC":[1163,582,620,468,142,209],"qINTL":[1966,1326,894,938,336,250],"qHAMID":[863,448,332,"","",""],"avg_qLOC":530.6666666666666,"avg_qINTL":951.6666666666666}