{"Week":["01/25","02/25","03/25","04/25","05/25","06/25","07/25","08/25","09/25","14/25","15/25","16/25","17/25","18/25","19/25","20/25","21/25","22/25","23/25","24/25","25/25","26/25"],"wHAMMS":[52,46,57,52,36,25,66,43,13,39,19,25,35,25,20,23,13,26,45,17,30,20],"wHAMEN":[8,16,27,16,25,13,"",17,7,23,8,14,"",8,11,9,11,8,7,23,20,""],"wCB":["","","","","","","","","","","","","","","","","","","","","",""],"wVOI":["","","","","","","","","","","","","","","","","","","","","",""],"wLOC":[24,21,25,23,13,10,15,16,9,22,10,11,15,19,17,22,11,17,29,13,23,9],"wINTL":[36,41,59,45,48,28,51,44,11,40,17,28,20,14,14,10,13,17,23,27,27,11],"avg_wHAMMS":33.04545454545455,"avg_wHAMEN":14.263157894736842,"avg_wLOC":17,"avg_wINTL":28.363636363636363,"wHAMID":["","","","","","","","","","","","","","","","","","","","","",""],"avg_wHAMID":null}