{"Week":["48/24","49/24","50/24","51/24","52/24","01/25","02/25","03/25","04/25","05/25","06/25","07/25","08/25","09/25","14/25","15/25","16/25","17/25","18/25","19/25","20/25","21/25"],"wHAMMS":[141,136,29,38,57,52,46,57,52,36,25,66,43,13,39,19,25,35,25,20,23,0],"wHAMEN":[25,28,33,27,16,8,16,27,16,25,13,"",17,7,23,8,14,"",8,11,9,11],"wCB":["","","","","","","","","","","","","","","","","","","","","",""],"wVOI":["","","","","","","","","","","","","","","","","","","","","",""],"wLOC":[65,60,9,23,24,24,21,25,23,13,10,15,16,9,22,10,11,15,19,17,22,5],"wINTL":[101,104,53,42,49,36,41,59,45,48,28,51,44,11,40,17,28,20,14,14,10,6],"avg_wHAMMS":44.40909090909091,"avg_wHAMEN":17.1,"avg_wLOC":20.818181818181817,"avg_wINTL":39.13636363636363,"wHAMID":["","","","","","","","","","","","","","","","","","","","","",""],"avg_wHAMID":null}