{"Week":["33/24","34/24","35/24","36/24","37/24","38/24","39/24","40/24","41/24","42/24","43/24","44/24","45/24","46/24","47/24","48/24","49/24","50/24","51/24","52/24","01/25","02/25","03/25","04/25","05/25","06/25"],"wHAMMS":[52,94,83,75,58,82,66,83,112,119,55,38,41,131,101,141,136,29,38,57,52,46,57,52,36,0],"wHAMEN":[13,23,24,13,17,18,24,20,32,24,24,26,22,26,10,25,28,33,27,16,8,16,27,16,25,13],"wCB":["","","","","","","","","","","","","","","","","","","","","","","","","",""],"wVOI":["","","","","","","","","","","","","","","","","","","","","","","","","",""],"wLOC":[29,45,63,33,39,48,39,42,60,41,18,22,16,49,32,65,60,9,23,24,24,21,25,23,13,5],"wINTL":[51,72,106,55,36,52,51,61,84,102,61,42,47,108,79,101,104,53,42,49,36,41,59,45,48,8],"avg_wHAMMS":70.53846153846153,"avg_wHAMEN":21.153846153846153,"avg_wLOC":33.38461538461539,"avg_wINTL":61.26923076923077,"wHAMID":[15,"",62,"","","","","","","","","","","","","","","","","","","","","","",""],"avg_wHAMID":38.5}