{"Week":["25/24","26/24","27/24","28/24","29/24","30/24","31/24","32/24","33/24","34/24","35/24","36/24","37/24","38/24","39/24","40/24","41/24","42/24","43/24","44/24","45/24","46/24","47/24","48/24","49/24","50/24","51/24"],"wHAMMS":[59,118,68,51,83,100,69,52,52,94,83,75,58,82,66,83,112,119,55,"",41,131,101,141,136,"",19],"wHAMEN":[19,19,29,12,19,"",14,14,13,23,24,13,17,18,24,20,32,24,24,26,22,26,10,25,28,33,27],"wCB":["","","","","","","","","","","","","","","","","","","","","","","","","","",""],"wVOI":["","","","","","","","","","","","","","","","","","","","","","","","","","",""],"wLOC":[42,65,68,37,63,66,49,34,29,45,63,33,39,48,39,42,60,41,18,22,16,49,32,65,60,9,15],"wINTL":[77,110,100,69,95,42,66,77,51,72,106,55,36,52,51,61,84,102,61,42,47,108,79,101,104,53,31],"avg_wHAMMS":81.92,"avg_wHAMEN":21.346153846153847,"avg_wLOC":42.55555555555556,"avg_wINTL":71.55555555555556,"wHAMID":[41,38,71,43,56,8,"","","","",62,"","","","","","","","","","","","","","","",""],"avg_wHAMID":45.57142857142857}