{"Week":["43/24","44/24","45/24","46/24","47/24","48/24","49/24","50/24","51/24","52/24","01/25","02/25","03/25","04/25","05/25","06/25","07/25","08/25","09/25","14/25","15/25","16/25"],"wHAMMS":[55,38,41,131,101,141,136,29,38,57,52,46,57,52,36,25,66,43,13,39,19,25],"wHAMEN":[24,26,22,26,10,25,28,33,27,16,8,16,27,16,25,13,"",17,7,23,8,14],"wCB":["","","","","","","","","","","","","","","","","","","","","",""],"wVOI":["","","","","","","","","","","","","","","","","","","","","",""],"wLOC":[18,22,16,49,32,65,60,9,23,24,24,21,25,23,13,10,15,16,9,22,10,11],"wINTL":[61,42,47,108,79,101,104,53,42,49,36,41,59,45,48,28,51,44,11,40,17,28],"avg_wHAMMS":56.36363636363637,"avg_wHAMEN":19.571428571428573,"avg_wLOC":23.5,"avg_wINTL":51.54545454545455,"wHAMID":["","","","","","","","","","","","","","","","","","","","","",""],"avg_wHAMID":null}