{"Week":["13/24","14/24","15/24","16/24","17/24","18/24","19/24","20/24","21/24","22/24","23/24","24/24","25/24","26/24","27/24","28/24","29/24","30/24","31/24","32/24","33/24","34/24","35/24","36/24","37/24","38/24","39/24"],"wHAMMS":[77,57,20,72,63,75,85,57,101,159,49,55,59,118,68,51,83,100,69,52,52,94,83,75,58,82,25],"wHAMEN":["","",22,16,17,"",20,12,21,16,18,16,19,19,29,12,19,"",14,14,13,23,24,13,17,18,24],"wCB":["","","","","","","","","","","","","","","","","","","","","","","","","","",""],"wVOI":[203,195,69,"","","","","","","","","","","","","","","","","","","","","","","",""],"wLOC":[135,121,58,44,34,25,30,28,25,50,25,35,42,65,68,37,63,66,49,34,29,45,63,33,39,48,14],"wINTL":[175,161,53,110,58,91,135,62,97,152,127,93,77,110,100,69,95,42,66,77,51,72,106,55,36,52,35],"avg_wHAMMS":71.81481481481481,"avg_wHAMEN":18.08695652173913,"avg_wLOC":48.333333333333336,"avg_wINTL":87.29629629629629,"wHAMID":["","","",66,12,41,60,21,"",27,85,57,41,38,71,43,56,8,"","","","",62,"","","",""],"avg_wHAMID":45.86666666666667}