{"Week":["05/24","06/24","07/24","08/24","09/24","10/24","11/24","12/24","13/24","14/24","15/24","16/24","17/24","18/24","19/24","20/24","21/24","22/24","23/24","24/24","25/24","26/24","27/24","28/24","29/24","30/24","31/24"],"wHAMMS":[181,155,112,80,186,113,36,94,77,57,20,72,63,75,85,57,101,159,49,55,59,118,68,51,83,100,20],"wHAMEN":[36,26,21,35,37,30,"","","","",22,16,17,"",20,12,21,16,18,16,19,19,29,12,19,"",""],"wCB":["","","","","","","","","","","","","","","","","","","","","","","","","","",""],"wVOI":["","","","","","",207,203,203,195,69,"","","","","","","","","","","","","","","",""],"wLOC":[94,85,73,54,75,56,144,140,135,121,58,44,34,25,30,28,25,50,25,35,42,65,68,37,63,66,15],"wINTL":[167,186,147,135,192,219,99,187,175,161,53,110,58,91,135,62,97,152,127,93,77,110,100,69,95,42,37],"avg_wHAMMS":86.14814814814815,"avg_wHAMEN":22.05,"avg_wLOC":62.48148148148148,"avg_wINTL":117.62962962962963,"wHAMID":[44,90,87,74,44,130,"","","","","",66,12,41,60,21,"",27,85,57,41,38,71,43,56,8,""],"avg_wHAMID":54.75}