{"Week":["36/24","37/24","38/24","39/24","40/24","41/24","42/24","43/24","44/24","45/24","46/24","47/24","48/24","49/24","50/24","51/24","52/24","01/25","02/25","03/25","04/25","05/25","06/25","07/25","08/25","09/25"],"wHAMMS":[75,58,82,66,83,112,119,55,38,41,131,101,141,136,29,38,57,52,46,57,52,36,25,66,43,13],"wHAMEN":[13,17,18,24,20,32,24,24,26,22,26,10,25,28,33,27,16,8,16,27,16,25,13,"",17,7],"wCB":["","","","","","","","","","","","","","","","","","","","","","","","","",""],"wVOI":["","","","","","","","","","","","","","","","","","","","","","","","","",""],"wLOC":[33,39,48,39,42,60,41,18,22,16,49,32,65,60,9,23,24,24,21,25,23,13,10,15,16,9],"wINTL":[55,36,52,51,61,84,102,61,42,47,108,79,101,104,53,42,49,36,41,59,45,48,28,51,44,11],"avg_wHAMMS":67.38461538461539,"avg_wHAMEN":20.56,"avg_wLOC":29.846153846153847,"avg_wINTL":57.30769230769231,"wHAMID":["","","","","","","","","","","","","","","","","","","","","","","","","",""],"avg_wHAMID":null}