{"Week":["31/24","32/24","33/24","34/24","35/24","36/24","37/24","38/24","39/24","40/24","41/24","42/24","43/24","44/24","45/24","46/24","47/24","48/24","49/24","50/24","51/24","52/24","01/25","02/25","03/25","04/25"],"wHAMMS":[69,52,52,94,83,75,58,82,66,83,112,119,55,38,41,131,101,141,136,29,38,57,52,46,57,52],"wHAMEN":[14,14,13,23,24,13,17,18,24,20,32,24,24,26,22,26,10,25,28,33,27,16,8,16,27,16],"wCB":["","","","","","","","","","","","","","","","","","","","","","","","","",""],"wVOI":["","","","","","","","","","","","","","","","","","","","","","","","","",""],"wLOC":[49,34,29,45,63,33,39,48,39,42,60,41,18,22,16,49,32,65,60,9,23,24,24,21,25,23],"wINTL":[66,77,51,72,106,55,36,52,51,61,84,102,61,42,47,108,79,101,104,53,42,49,36,41,59,45],"avg_wHAMMS":73.8076923076923,"avg_wHAMEN":20.76923076923077,"avg_wLOC":35.88461538461539,"avg_wINTL":64.61538461538461,"wHAMID":[32,45,15,"",62,"","","","","","","","","","","","","","","","","","","","",""],"avg_wHAMID":38.5}