{"Week":["46/24","47/24","48/24","49/24","50/24","51/24","52/24","01/25","02/25","03/25","04/25","05/25","06/25","07/25","08/25","09/25","14/25","15/25","16/25","17/25","18/25","19/25"],"wHAMMS":[131,101,141,136,29,38,57,52,46,57,52,36,25,66,43,13,39,19,25,35,25,16],"wHAMEN":[26,10,25,28,33,27,16,8,16,27,16,25,13,"",17,7,23,8,14,"",8,11],"wCB":["","","","","","","","","","","","","","","","","","","","","",""],"wVOI":["","","","","","","","","","","","","","","","","","","","","",""],"wLOC":[49,32,65,60,9,23,24,24,21,25,23,13,10,15,16,9,22,10,11,15,19,14],"wINTL":[108,79,101,104,53,42,49,36,41,59,45,48,28,51,44,11,40,17,28,20,14,13],"avg_wHAMMS":53.72727272727273,"avg_wHAMEN":17.9,"avg_wLOC":23.136363636363637,"avg_wINTL":46.86363636363637,"wHAMID":["","","","","","","","","","","","","","","","","","","","","",""],"avg_wHAMID":null}