{"Week":["17/24","18/24","19/24","20/24","21/24","22/24","23/24","24/24","25/24","26/24","27/24","28/24","29/24","30/24","31/24","32/24","33/24","34/24","35/24","36/24","37/24","38/24","39/24","40/24","41/24","42/24","43/24"],"wHAMMS":[63,75,85,57,101,159,49,55,59,118,68,51,83,100,69,52,52,94,83,75,58,82,66,83,112,119,25],"wHAMEN":[17,"",20,12,21,16,18,16,19,19,29,12,19,"",14,14,13,23,24,13,17,18,24,20,32,24,""],"wCB":["","","","","","","","","","","","","","","","","","","","","","","","","","",""],"wVOI":["","","","","","","","","","","","","","","","","","","","","","","","","","",""],"wLOC":[34,25,30,28,25,50,25,35,42,65,68,37,63,66,49,34,29,45,63,33,39,48,39,42,60,41,7],"wINTL":[58,91,135,62,97,152,127,93,77,110,100,69,95,42,66,77,51,72,106,55,36,52,51,61,84,102,18],"avg_wHAMMS":77.51851851851852,"avg_wHAMEN":18.916666666666668,"avg_wLOC":41.55555555555556,"avg_wINTL":79.22222222222223,"wHAMID":[12,41,60,21,"",27,85,57,41,38,71,43,56,8,"","","","",62,"","","","","","","",""],"avg_wHAMID":44.42857142857143}