{"Week":["27/24","28/24","29/24","30/24","31/24","32/24","33/24","34/24","35/24","36/24","37/24","38/24","39/24","40/24","41/24","42/24","43/24","44/24","45/24","46/24","47/24","48/24","49/24","50/24","51/24","52/24","01/25"],"wHAMMS":[68,51,83,100,69,52,52,94,83,75,58,82,66,83,112,119,55,38,41,131,101,141,136,29,38,57,41],"wHAMEN":[29,12,19,"",14,14,13,23,24,13,17,18,24,20,32,24,24,26,22,26,10,25,28,33,27,16,8],"wCB":["","","","","","","","","","","","","","","","","","","","","","","","","","",""],"wVOI":["","","","","","","","","","","","","","","","","","","","","","","","","","",""],"wLOC":[68,37,63,66,49,34,29,45,63,33,39,48,39,42,60,41,18,22,16,49,32,65,60,9,23,24,19],"wINTL":[100,69,95,42,66,77,51,72,106,55,36,52,51,61,84,102,61,42,47,108,79,101,104,53,42,49,30],"avg_wHAMMS":76.11111111111111,"avg_wHAMEN":20.807692307692307,"avg_wLOC":40.48148148148148,"avg_wINTL":67.96296296296296,"wHAMID":[71,43,56,8,32,45,15,"",62,"","","","","","","","","","","","","","","","","",""],"avg_wHAMID":41.5}