{"Week":["03/25","04/25","05/25","06/25","07/25","08/25","09/25","14/25","15/25","16/25","17/25","18/25","19/25","20/25","21/25","22/25","23/25","24/25","25/25","26/25","27/25","28/25"],"wHAMMS":[57,52,36,25,66,43,13,39,19,25,35,25,20,23,13,26,45,17,30,39,19,17],"wHAMEN":[27,16,25,13,"",17,7,23,8,14,"",8,11,9,11,8,7,23,20,"",16,""],"wCB":["","","","","","","","","","","","","","","","","","","","","",""],"wVOI":["","","","","","","","","","","","","","","","","","","","","",""],"wLOC":[25,23,13,10,15,16,9,22,10,11,15,19,17,22,11,17,29,13,23,17,15,8],"wINTL":[59,45,48,28,51,44,11,40,17,28,20,14,14,10,13,17,23,27,27,22,20,9],"avg_wHAMMS":31.09090909090909,"avg_wHAMEN":14.61111111111111,"avg_wLOC":16.363636363636363,"avg_wINTL":26.681818181818183,"wHAMID":["","","","","","","","","","","","","","","","","","","","","",""],"avg_wHAMID":null}