{"Week":["08/24","09/24","10/24","11/24","12/24","13/24","14/24","15/24","16/24","17/24","18/24","19/24","20/24","21/24","22/24","23/24","24/24","25/24","26/24","27/24","28/24","29/24","30/24","31/24","32/24","33/24","34/24"],"wHAMMS":[80,186,113,36,94,77,57,20,72,63,75,85,57,101,159,49,55,59,118,68,51,83,100,69,52,52,61],"wHAMEN":[35,37,30,"","","","",22,16,17,"",20,12,21,16,18,16,19,19,29,12,19,"",14,14,13,""],"wCB":["","","","","","","","","","","","","","","","","","","","","","","","","","",""],"wVOI":["","","",207,203,203,195,69,"","","","","","","","","","","","","","","","","","",""],"wLOC":[54,75,56,144,140,135,121,58,44,34,25,30,28,25,50,25,35,42,65,68,37,63,66,49,34,29,20],"wINTL":[135,192,219,99,187,175,161,53,110,58,91,135,62,97,152,127,93,77,110,100,69,95,42,66,77,51,41],"avg_wHAMMS":77.48148148148148,"avg_wHAMEN":19.95,"avg_wLOC":57.48148148148148,"avg_wINTL":106.44444444444444,"wHAMID":[74,44,130,"","","","","",66,12,41,60,21,"",27,85,57,41,38,71,43,56,8,"","","",""],"avg_wHAMID":51.411764705882355}